{"logo.png": 1761655529.973634, "Prueba_unidad_III.ipynb": 1764646840.583718}